sentence_type,timestamp,lat-dd,lat-dir,lon-dd,lon-dir,satellites_in_view,satellites_in_use,knots,mph,kph,course,altitude,fix_stat,fix_type,fix_time
GPRMC,20210803T191243.000,[42.17731, 'N'],[83.78334, 'W'],0,6,[0.22, 0.25322, 0.40744],23.97,234.4,1,1,103730
GPGGA,20210803T191243.000,[42.17731, 'N'],[83.78334, 'W'],0,6,[0.22, 0.25322, 0.40744],23.97,234.4,1,1,103730
GPGGA,20210803T191243.500,[42.17731, 'N'],[83.78334, 'W'],0,6,[0.22, 0.25322, 0.40744],23.97,234.4,1,1,104248
GPRMC,20210803T191243.750,[42.17731, 'N'],[83.78334, 'W'],0,6,[0.31, 0.35681, 0.57412],36.1,234.4,1,1,104627
GPGGA,20210803T191244.000,[42.17731, 'N'],[83.78333, 'W'],0,6,[0.31, 0.35681, 0.57412],36.1,234.4,1,1,104751
GPGGA,20210803T191244.500,[42.17731, 'N'],[83.78333, 'W'],0,6,[0.31, 0.35681, 0.57412],36.1,234.4,1,1,105205
GPRMC,20210803T191244.500,[42.17731, 'N'],[83.78333, 'W'],0,6,[0.31, 0.35681, 0.57412],31.39,234.4,1,1,105327
GPGGA,20210803T191245.000,[42.17731, 'N'],[83.78333, 'W'],0,6,[0.31, 0.35681, 0.57412],31.39,234.4,1,1,105709
GPRMC,20210803T191245.000,[42.17731, 'N'],[83.78333, 'W'],0,6,[0.19, 0.21869, 0.35188],53.94,234.4,1,1,105833
GPGGA,20210803T191245.500,[42.17731, 'N'],[83.78333, 'W'],0,6,[0.19, 0.21869, 0.35188],53.94,234.4,1,1,106208
GPRMC,20210803T191245.500,[42.17731, 'N'],[83.78333, 'W'],0,6,[0.18, 0.20718, 0.33336],77.69001,234.4,1,1,106331
GPGGA,20210803T191246.000,[42.17731, 'N'],[83.78333, 'W'],0,6,[0.18, 0.20718, 0.33336],77.69001,234.4,1,1,106708
GPRMC,20210803T191246.000,[42.17731, 'N'],[83.78333, 'W'],0,6,[0.17, 0.19567, 0.31484],81.43001,234.4,1,1,106831
GPGGA,20210803T191246.500,[42.17731, 'N'],[83.78333, 'W'],0,6,[0.17, 0.19567, 0.31484],81.43001,234.4,1,1,107208
GPRMC,20210803T191246.500,[42.17731, 'N'],[83.78333, 'W'],0,6,[0.15, 0.17265, 0.2778],96.73,234.4,1,1,107330
GPGGA,20210803T191247.000,[42.17731, 'N'],[83.78333, 'W'],0,6,[0.15, 0.17265, 0.2778],96.73,234.4,1,1,107710
GPRMC,20210803T191247.000,[42.17731, 'N'],[83.78333, 'W'],0,6,[0.17, 0.19567, 0.31484],97.06,234.4,1,1,107832
GPGGA,20210803T191247.500,[42.17731, 'N'],[83.78333, 'W'],0,6,[0.17, 0.19567, 0.31484],97.06,234.4,1,1,108209
GPRMC,20210803T191247.500,[42.17731, 'N'],[83.78333, 'W'],0,6,[0.18, 0.20718, 0.33336],104.19,234.4,1,1,108333
GPGGA,20210803T191248.000,[42.17731, 'N'],[83.78333, 'W'],0,6,[0.18, 0.20718, 0.33336],104.19,234.4,1,1,108710
GPRMC,20210803T191248.000,[42.17731, 'N'],[83.78333, 'W'],0,6,[0.19, 0.21869, 0.35188],111.24,234.4,1,1,108833
GPGGA,20210803T191248.500,[42.17731, 'N'],[83.78333, 'W'],0,6,[0.19, 0.21869, 0.35188],111.24,234.4,1,1,109210
GPRMC,20210803T191248.500,[42.17731, 'N'],[83.78333, 'W'],0,6,[0.17, 0.19567, 0.31484],132.31,234.4,1,1,109336
GPGGA,20210803T191249.000,[42.17731, 'N'],[83.78333, 'W'],0,6,[0.17, 0.19567, 0.31484],132.31,234.4,1,1,109710
GPRMC,20210803T191249.000,[42.17731, 'N'],[83.78333, 'W'],0,6,[0.16, 0.18416, 0.29632],147.15,234.4,1,1,109833
GPGGA,20210803T191249.500,[42.17731, 'N'],[83.78333, 'W'],0,6,[0.16, 0.18416, 0.29632],147.15,234.4,1,1,110209
GPRMC,20210803T191249.500,[42.17731, 'N'],[83.78333, 'W'],0,6,[0.24, 0.27624, 0.44448],176.39,234.4,1,1,110333
GPGGA,20210803T191250.000,[42.17731, 'N'],[83.78333, 'W'],0,6,[0.24, 0.27624, 0.44448],176.39,234.4,1,1,110712
GPRMC,20210803T191250.000,[42.17731, 'N'],[83.78333, 'W'],0,6,[0.19, 0.21869, 0.35188],170.13,234.4,1,1,110836
GPGGA,20210803T191250.500,[42.17731, 'N'],[83.78333, 'W'],0,6,[0.19, 0.21869, 0.35188],170.13,234.4,1,1,111212
GPRMC,20210803T191250.500,[42.17731, 'N'],[83.78333, 'W'],0,6,[0.12, 0.13812, 0.22224],146.35,234.4,1,1,111335
GPGGA,20210803T191251.000,[42.17731, 'N'],[83.78333, 'W'],0,6,[0.12, 0.13812, 0.22224],146.35,234.4,1,1,111710
GPRMC,20210803T191251.000,[42.17731, 'N'],[83.78333, 'W'],0,6,[0.1, 0.1151, 0.1852],128.31,234.4,1,1,111834
GPGGA,20210803T191251.500,[42.17731, 'N'],[83.78333, 'W'],0,6,[0.1, 0.1151, 0.1852],128.31,234.4,1,1,112208
GPRMC,20210803T191251.500,[42.17731, 'N'],[83.78333, 'W'],0,6,[0.1, 0.1151, 0.1852],69.27,234.4,1,1,112330
GPGGA,20210803T191252.000,[42.17731, 'N'],[83.78333, 'W'],0,6,[0.1, 0.1151, 0.1852],69.27,234.4,1,1,112708
GPRMC,20210803T191252.000,[42.17731, 'N'],[83.78333, 'W'],0,6,[0.13, 0.14963, 0.24076],42.19,234.4,1,1,112831
GPGGA,20210803T191252.500,[42.17731, 'N'],[83.78333, 'W'],0,6,[0.13, 0.14963, 0.24076],42.19,234.4,1,1,113208
GPRMC,20210803T191252.500,[42.17731, 'N'],[83.78333, 'W'],0,6,[0.12, 0.13812, 0.22224],16.39,234.4,1,1,113330
GPGGA,20210803T191253.000,[42.17731, 'N'],[83.78333, 'W'],0,6,[0.12, 0.13812, 0.22224],16.39,234.4,1,1,113711
GPRMC,20210803T191253.000,[42.17731, 'N'],[83.78333, 'W'],0,6,[0.14, 0.16114, 0.25928],344.31,234.4,1,1,113835
GPGGA,20210803T191253.500,[42.17731, 'N'],[83.78333, 'W'],0,6,[0.14, 0.16114, 0.25928],344.31,234.4,1,1,114209
GPRMC,20210803T191253.500,[42.17731, 'N'],[83.78333, 'W'],0,6,[0.19, 0.21869, 0.35188],327.7,234.4,1,1,114332
GPGGA,20210803T191254.000,[42.17731, 'N'],[83.78333, 'W'],0,6,[0.19, 0.21869, 0.35188],327.7,234.4,1,1,114713
GPRMC,20210803T191254.000,[42.17731, 'N'],[83.78333, 'W'],0,6,[0.25, 0.28775, 0.463],315.21,234.4,1,1,114838
GPGGA,20210803T191254.500,[42.17731, 'N'],[83.78333, 'W'],0,6,[0.25, 0.28775, 0.463],315.21,234.4,1,1,115210
GPRMC,20210803T191254.500,[42.17731, 'N'],[83.78333, 'W'],0,6,[0.28, 0.32228, 0.51856],315.11,234.4,1,1,115334
GPGGA,20210803T191255.000,[42.17731, 'N'],[83.78333, 'W'],0,6,[0.28, 0.32228, 0.51856],315.11,234.4,1,1,115710
GPRMC,20210803T191255.000,[42.17731, 'N'],[83.78333, 'W'],0,6,[0.25, 0.28775, 0.463],292.18,234.4,1,1,115834
GPGGA,20210803T191255.500,[42.17731, 'N'],[83.78333, 'W'],0,6,[0.25, 0.28775, 0.463],292.18,234.4,1,1,116209
GPRMC,20210803T191255.500,[42.17731, 'N'],[83.78333, 'W'],0,6,[0.24, 0.27624, 0.44448],274.41,234.4,1,1,116339
GPGGA,20210803T191256.000,[42.17731, 'N'],[83.78333, 'W'],0,6,[0.24, 0.27624, 0.44448],274.41,234.4,1,1,116712
GPRMC,20210803T191256.000,[42.17731, 'N'],[83.78333, 'W'],0,6,[0.21, 0.24171, 0.38892],287.01,234.4,1,1,116835
GPGGA,20210803T191256.500,[42.17731, 'N'],[83.78333, 'W'],0,6,[0.21, 0.24171, 0.38892],287.01,234.4,1,1,117219
GPRMC,20210803T191256.500,[42.17731, 'N'],[83.78333, 'W'],0,6,[0.19, 0.21869, 0.35188],305.23,234.4,1,1,117342
GPGGA,20210803T191257.000,[42.17731, 'N'],[83.78333, 'W'],0,6,[0.19, 0.21869, 0.35188],305.23,234.4,1,1,117709
GPRMC,20210803T191257.000,[42.17731, 'N'],[83.78333, 'W'],0,6,[0.31, 0.35681, 0.57412],320.61,234.4,1,1,117833
GPGGA,20210803T191257.500,[42.17731, 'N'],[83.78333, 'W'],0,6,[0.31, 0.35681, 0.57412],320.61,234.4,1,1,118209
GPRMC,20210803T191257.500,[42.17731, 'N'],[83.78333, 'W'],0,6,[0.3, 0.3453, 0.5556001],324.57,234.4,1,1,118333
GPGGA,20210803T191258.000,[42.17731, 'N'],[83.78333, 'W'],0,6,[0.3, 0.3453, 0.5556001],324.57,234.4,1,1,118712
GPRMC,20210803T191258.000,[42.17731, 'N'],[83.78333, 'W'],0,6,[0.2, 0.2302, 0.3704],336.18,234.4,1,1,118835
GPGGA,20210803T191258.500,[42.17731, 'N'],[83.78333, 'W'],0,6,[0.2, 0.2302, 0.3704],336.18,234.4,1,1,119209
GPRMC,20210803T191258.500,[42.17731, 'N'],[83.78333, 'W'],0,6,[0.17, 0.19567, 0.31484],338.08,234.4,1,1,119333
GPGGA,20210803T191259.000,[42.17731, 'N'],[83.78334, 'W'],0,6,[0.17, 0.19567, 0.31484],338.08,234.4,1,1,119711
GPRMC,20210803T191259.000,[42.17731, 'N'],[83.78334, 'W'],0,6,[0.17, 0.19567, 0.31484],330.57,234.4,1,1,119835
GPGGA,20210803T191259.500,[42.17731, 'N'],[83.78334, 'W'],0,6,[0.17, 0.19567, 0.31484],330.57,234.4,1,1,120209
GPRMC,20210803T191259.500,[42.17731, 'N'],[83.78334, 'W'],0,6,[0.19, 0.21869, 0.35188],336.93,234.4,1,1,120333
GPGGA,20210803T191300.000,[42.17731, 'N'],[83.78334, 'W'],0,6,[0.19, 0.21869, 0.35188],336.93,234.4,1,1,120721
GPRMC,20210803T191300.000,[42.17731, 'N'],[83.78334, 'W'],0,6,[0.23, 0.26473, 0.42596],333.92,234.4,1,1,120844
GPGGA,20210803T191300.500,[42.17731, 'N'],[83.78334, 'W'],0,6,[0.23, 0.26473, 0.42596],333.92,234.4,1,1,121209
GPRMC,20210803T191300.500,[42.17731, 'N'],[83.78334, 'W'],0,6,[0.25, 0.28775, 0.463],327.74,234.4,1,1,121332
GPGGA,20210803T191301.000,[42.17731, 'N'],[83.78334, 'W'],0,6,[0.25, 0.28775, 0.463],327.74,234.4,1,1,121719
GPRMC,20210803T191301.000,[42.17731, 'N'],[83.78334, 'W'],0,6,[0.25, 0.28775, 0.463],330.54,234.4,1,1,121843
GPGGA,20210803T191301.500,[42.17731, 'N'],[83.78334, 'W'],0,6,[0.25, 0.28775, 0.463],330.54,234.4,1,1,122209
GPRMC,20210803T191301.500,[42.17731, 'N'],[83.78334, 'W'],0,6,[0.21, 0.24171, 0.38892],332.3,234.4,1,1,122332
GPGGA,20210803T191302.000,[42.17731, 'N'],[83.78334, 'W'],0,6,[0.21, 0.24171, 0.38892],332.3,234.4,1,1,122721
GPRMC,20210803T191302.000,[42.17731, 'N'],[83.78334, 'W'],0,6,[0.2, 0.2302, 0.3704],317.87,234.4,1,1,122845
GPGGA,20210803T191302.500,[42.17731, 'N'],[83.78334, 'W'],0,6,[0.2, 0.2302, 0.3704],317.87,234.4,1,1,123218
GPRMC,20210803T191302.500,[42.17731, 'N'],[83.78334, 'W'],0,6,[0.17, 0.19567, 0.31484],321.84,234.4,1,1,123342
GPGGA,20210803T191303.000,[42.17731, 'N'],[83.78334, 'W'],0,6,[0.17, 0.19567, 0.31484],321.84,234.4,1,1,123721
GPRMC,20210803T191303.000,[42.17731, 'N'],[83.78334, 'W'],0,6,[0.2, 0.2302, 0.3704],334.6,234.4,1,1,123845
GPGGA,20210803T191303.500,[42.17731, 'N'],[83.78334, 'W'],0,6,[0.2, 0.2302, 0.3704],334.6,234.4,1,1,124218
GPRMC,20210803T191303.500,[42.17731, 'N'],[83.78334, 'W'],0,6,[0.24, 0.27624, 0.44448],341.36,234.4,1,1,124341
GPGGA,20210803T191304.000,[42.17731, 'N'],[83.78334, 'W'],0,6,[0.24, 0.27624, 0.44448],341.36,234.4,1,1,124722
GPRMC,20210803T191304.000,[42.17731, 'N'],[83.78334, 'W'],0,6,[0.23, 0.26473, 0.42596],341.88,234.4,1,1,124845
GPGGA,20210803T191304.500,[42.17731, 'N'],[83.78334, 'W'],0,6,[0.23, 0.26473, 0.42596],341.88,234.4,1,1,125218
GPRMC,20210803T191304.500,[42.17731, 'N'],[83.78334, 'W'],0,6,[0.28, 0.32228, 0.51856],356.72,234.4,1,1,125341
GPGGA,20210803T191305.000,[42.17731, 'N'],[83.78334, 'W'],0,6,[0.28, 0.32228, 0.51856],356.72,234.4,1,1,125720
GPRMC,20210803T191305.000,[42.17731, 'N'],[83.78334, 'W'],0,6,[0.27, 0.31077, 0.50004],355.74,234.4,1,1,125844
GPGGA,20210803T191305.500,[42.17731, 'N'],[83.78334, 'W'],0,6,[0.27, 0.31077, 0.50004],355.74,234.4,1,1,126216
GPRMC,20210803T191305.500,[42.17731, 'N'],[83.78334, 'W'],0,6,[0.25, 0.28775, 0.463],2.07,234.4,1,1,126338
GPGGA,20210803T191306.000,[42.17731, 'N'],[83.78334, 'W'],0,6,[0.25, 0.28775, 0.463],2.07,234.4,1,1,126709
GPRMC,20210803T191306.000,[42.17731, 'N'],[83.78334, 'W'],0,6,[0.08, 0.09208, 0.14816],355.34,234.4,1,1,126834
GPGGA,20210803T191306.500,[42.17731, 'N'],[83.78334, 'W'],0,6,[0.08, 0.09208, 0.14816],355.34,234.4,1,1,127209
GPRMC,20210803T191306.500,[42.17731, 'N'],[83.78334, 'W'],0,6,[0.07, 0.08057001, 0.12964],188.84,234.4,1,1,127333
GPGGA,20210803T191307.000,[42.17731, 'N'],[83.78334, 'W'],0,6,[0.07, 0.08057001, 0.12964],188.84,234.4,1,1,127710
GPRMC,20210803T191307.000,[42.17731, 'N'],[83.78334, 'W'],0,6,[0.18, 0.20718, 0.33336],174.76,234.4,1,1,127842
GPGGA,20210803T191307.500,[42.17731, 'N'],[83.78334, 'W'],0,6,[0.18, 0.20718, 0.33336],174.76,234.4,1,1,128211
GPRMC,20210803T191307.500,[42.17731, 'N'],[83.78334, 'W'],0,6,[0.15, 0.17265, 0.2778],166.49,234.4,1,1,128339
GPGGA,20210803T191308.000,[42.17731, 'N'],[83.78334, 'W'],0,6,[0.15, 0.17265, 0.2778],166.49,234.4,1,1,128713
GPRMC,20210803T191308.000,[42.17731, 'N'],[83.78334, 'W'],0,6,[0.14, 0.16114, 0.25928],173.04,234.4,1,1,128840
GPGGA,20210803T191308.500,[42.17731, 'N'],[83.78334, 'W'],0,6,[0.14, 0.16114, 0.25928],173.04,234.4,1,1,129213
GPRMC,20210803T191308.500,[42.17731, 'N'],[83.78334, 'W'],0,6,[0.12, 0.13812, 0.22224],201.1,234.4,1,1,129340
GPGGA,20210803T191309.000,[42.17731, 'N'],[83.78334, 'W'],0,6,[0.12, 0.13812, 0.22224],201.1,234.4,1,1,129710
GPRMC,20210803T191309.000,[42.17731, 'N'],[83.78334, 'W'],0,6,[0.11, 0.12661, 0.20372],228.21,234.4,1,1,129838
GPGGA,20210803T191309.500,[42.17731, 'N'],[83.78334, 'W'],0,6,[0.11, 0.12661, 0.20372],228.21,234.4,1,1,130210
GPRMC,20210803T191309.500,[42.17731, 'N'],[83.78334, 'W'],0,6,[0.19, 0.21869, 0.35188],237.58,234.4,1,1,130338
GPGGA,20210803T191310.000,[42.17731, 'N'],[83.78334, 'W'],0,6,[0.19, 0.21869, 0.35188],237.58,234.4,1,1,130709
GPRMC,20210803T191310.000,[42.17731, 'N'],[83.78334, 'W'],0,6,[0.28, 0.32228, 0.51856],235.1,234.4,1,1,130837
GPGGA,20210803T191310.500,[42.17731, 'N'],[83.78334, 'W'],0,6,[0.28, 0.32228, 0.51856],235.1,234.4,1,1,131219
GPRMC,20210803T191310.500,[42.17731, 'N'],[83.78334, 'W'],0,6,[0.26, 0.29926, 0.48152],239.45,234.4,1,1,131346
GPGGA,20210803T191311.000,[42.17731, 'N'],[83.78334, 'W'],0,6,[0.26, 0.29926, 0.48152],239.45,234.4,1,1,131722
GPRMC,20210803T191311.000,[42.17731, 'N'],[83.78334, 'W'],0,6,[0.29, 0.33379, 0.53708],240.96,234.4,1,1,131851
GPGGA,20210803T191311.500,[42.17731, 'N'],[83.78334, 'W'],0,6,[0.29, 0.33379, 0.53708],240.96,234.4,1,1,132220
GPRMC,20210803T191311.500,[42.17731, 'N'],[83.78334, 'W'],0,6,[0.19, 0.21869, 0.35188],259.81,234.4,1,1,132347
GPGGA,20210803T191312.000,[42.17731, 'N'],[83.78335, 'W'],0,6,[0.19, 0.21869, 0.35188],259.81,234.4,1,1,132720
GPRMC,20210803T191312.000,[42.17731, 'N'],[83.78335, 'W'],0,6,[0.17, 0.19567, 0.31484],297.88,234.4,1,1,132847
GPGGA,20210803T191312.500,[42.17731, 'N'],[83.78335, 'W'],0,6,[0.17, 0.19567, 0.31484],297.88,234.4,1,1,133219
GPRMC,20210803T191312.500,[42.17731, 'N'],[83.78335, 'W'],0,6,[0.17, 0.19567, 0.31484],314.92,234.4,1,1,133346
GPGGA,20210803T191313.000,[42.17731, 'N'],[83.78335, 'W'],0,6,[0.17, 0.19567, 0.31484],314.92,234.4,1,1,133720
GPRMC,20210803T191313.000,[42.17731, 'N'],[83.78335, 'W'],0,6,[0.22, 0.25322, 0.40744],326.68,234.4,1,1,133850
GPGGA,20210803T191313.500,[42.17731, 'N'],[83.78335, 'W'],0,6,[0.22, 0.25322, 0.40744],326.68,234.4,1,1,134210
GPRMC,20210803T191313.500,[42.17731, 'N'],[83.78335, 'W'],0,6,[0.27, 0.31077, 0.50004],329.91,234.4,1,1,134337
GPGGA,20210803T191314.000,[42.17731, 'N'],[83.78335, 'W'],0,6,[0.27, 0.31077, 0.50004],329.91,234.4,1,1,134722
GPRMC,20210803T191314.000,[42.17731, 'N'],[83.78335, 'W'],0,6,[0.28, 0.32228, 0.51856],308.77,234.4,1,1,134853
GPGGA,20210803T191314.500,[42.17731, 'N'],[83.78335, 'W'],0,6,[0.28, 0.32228, 0.51856],308.77,234.4,1,1,135222
GPRMC,20210803T191314.500,[42.17731, 'N'],[83.78335, 'W'],0,6,[0.33, 0.37983, 0.61116],278.7,234.4,1,1,135353
GPGGA,20210803T191315.000,[42.17731, 'N'],[83.78335, 'W'],0,6,[0.33, 0.37983, 0.61116],278.7,234.4,1,1,135722
GPRMC,20210803T191315.000,[42.17731, 'N'],[83.78335, 'W'],0,6,[0.32, 0.36832, 0.59264],275.69,234.4,1,1,135847
GPGGA,20210803T191315.500,[42.17731, 'N'],[83.78335, 'W'],0,6,[0.32, 0.36832, 0.59264],275.69,234.4,1,1,136220
GPRMC,20210803T191315.500,[42.17731, 'N'],[83.78335, 'W'],0,6,[0.31, 0.35681, 0.57412],274.51,234.4,1,1,136344
GPGGA,20210803T191316.000,[42.17731, 'N'],[83.78335, 'W'],0,6,[0.31, 0.35681, 0.57412],274.51,234.4,1,1,136719
GPRMC,20210803T191316.000,[42.17731, 'N'],[83.78335, 'W'],0,6,[0.33, 0.37983, 0.61116],261.13,234.4,1,1,136842
GPGGA,20210803T191316.500,[42.17731, 'N'],[83.78335, 'W'],0,6,[0.33, 0.37983, 0.61116],261.13,234.4,1,1,137220
GPRMC,20210803T191316.500,[42.17731, 'N'],[83.78335, 'W'],0,6,[0.34, 0.39134, 0.62968],264.36,234.4,1,1,137344
GPGGA,20210803T191317.000,[42.17731, 'N'],[83.78336, 'W'],0,6,[0.34, 0.39134, 0.62968],264.36,234.4,1,1,137722
GPRMC,20210803T191317.000,[42.17731, 'N'],[83.78336, 'W'],0,6,[0.35, 0.40285, 0.6482],291.51,234.4,1,1,137845
GPGGA,20210803T191317.500,[42.17731, 'N'],[83.78336, 'W'],0,6,[0.35, 0.40285, 0.6482],291.51,234.4,1,1,138218
GPRMC,20210803T191317.500,[42.17731, 'N'],[83.78336, 'W'],0,6,[0.3, 0.3453, 0.5556001],300.5,234.4,1,1,138342
GPGGA,20210803T191318.000,[42.17731, 'N'],[83.78336, 'W'],0,6,[0.3, 0.3453, 0.5556001],300.5,234.4,1,1,138719
GPRMC,20210803T191318.000,[42.17731, 'N'],[83.78336, 'W'],0,6,[0.2, 0.2302, 0.3704],301.15,234.4,1,1,138842
GPGGA,20210803T191318.500,[42.17731, 'N'],[83.78336, 'W'],0,6,[0.2, 0.2302, 0.3704],301.15,234.4,1,1,139219
GPRMC,20210803T191318.500,[42.17731, 'N'],[83.78336, 'W'],0,6,[0.22, 0.25322, 0.40744],296.48,234.4,1,1,139342
GPGGA,20210803T191319.000,[42.17731, 'N'],[83.78336, 'W'],0,6,[0.22, 0.25322, 0.40744],296.48,234.4,1,1,139722
GPRMC,20210803T191319.000,[42.17731, 'N'],[83.78336, 'W'],0,6,[0.26, 0.29926, 0.48152],293.35,234.4,1,1,139849
GPGGA,20210803T191319.500,[42.17731, 'N'],[83.78336, 'W'],0,6,[0.26, 0.29926, 0.48152],293.35,234.4,1,1,140220
GPRMC,20210803T191319.500,[42.17731, 'N'],[83.78336, 'W'],0,6,[0.26, 0.29926, 0.48152],305.41,234.4,1,1,140343
GPGGA,20210803T191320.000,[42.17731, 'N'],[83.78336, 'W'],0,6,[0.26, 0.29926, 0.48152],305.41,234.4,1,1,140724
GPRMC,20210803T191320.000,[42.17731, 'N'],[83.78336, 'W'],0,6,[0.26, 0.29926, 0.48152],311.27,234.4,1,1,140853
GPGGA,20210803T191324.000,[42.17732, 'N'],[83.78337, 'W'],0,6,[0.26, 0.29926, 0.48152],311.27,234.4,1,1,144725
GPRMC,20210803T191324.000,[42.17732, 'N'],[83.78337, 'W'],0,6,[0.18, 0.20718, 0.33336],286.1,234.4,1,1,144849
GPGGA,20210803T191324.500,[42.17732, 'N'],[83.78337, 'W'],0,6,[0.18, 0.20718, 0.33336],286.1,234.4,1,1,145222
GPRMC,20210803T191324.500,[42.17732, 'N'],[83.78337, 'W'],0,6,[0.19, 0.21869, 0.35188],272.2,234.4,1,1,145347
GPGGA,20210803T191325.000,[42.17732, 'N'],[83.78337, 'W'],0,6,[0.19, 0.21869, 0.35188],272.2,234.4,1,1,145725
GPRMC,20210803T191325.000,[42.17732, 'N'],[83.78337, 'W'],0,6,[0.21, 0.24171, 0.38892],254.29,234.4,1,1,145849
GPGGA,20210803T191325.500,[42.17732, 'N'],[83.78337, 'W'],0,6,[0.21, 0.24171, 0.38892],254.29,234.4,1,1,146223
GPRMC,20210803T191325.500,[42.17732, 'N'],[83.78337, 'W'],0,6,[0.13, 0.14963, 0.24076],225.97,234.4,1,1,146347
GPGGA,20210803T191326.000,[42.17732, 'N'],[83.78337, 'W'],0,6,[0.13, 0.14963, 0.24076],225.97,234.4,1,1,146724
GPRMC,20210803T191326.000,[42.17732, 'N'],[83.78337, 'W'],0,6,[0.16, 0.18416, 0.29632],223.83,234.4,1,1,146848
GPGGA,20210803T191326.500,[42.17731, 'N'],[83.78337, 'W'],0,6,[0.16, 0.18416, 0.29632],223.83,234.4,1,1,147222
GPRMC,20210803T191326.500,[42.17731, 'N'],[83.78337, 'W'],0,6,[0.23, 0.26473, 0.42596],220.26,234.4,1,1,147346
GPGGA,20210803T191327.000,[42.17731, 'N'],[83.78337, 'W'],0,6,[0.23, 0.26473, 0.42596],220.26,234.4,1,1,147722
GPRMC,20210803T191327.000,[42.17731, 'N'],[83.78337, 'W'],0,6,[0.24, 0.27624, 0.44448],226.05,234.4,1,1,147847
GPGGA,20210803T191327.000,[42.17731, 'N'],[83.78337, 'W'],0,6,[0.24, 0.27624, 0.44448],226.05,234.4,1,1,147847
GPGGA,20210803T191330.250,[42.17731, 'N'],[83.78337, 'W'],0,6,[0.24, 0.27624, 0.44448],226.05,234.4,1,1,151012
GPGGA,20210803T191330.750,[42.17731, 'N'],[83.78337, 'W'],0,6,[0.24, 0.27624, 0.44448],226.05,234.4,1,1,151466
GPRMC,20210803T191330.750,[42.17731, 'N'],[83.78337, 'W'],0,6,[0.2, 0.2302, 0.3704],218.51,234.4,1,1,151593
GPGGA,20210803T191331.250,[42.17731, 'N'],[83.78337, 'W'],0,6,[0.2, 0.2302, 0.3704],218.51,234.4,1,1,151972
GPRMC,20210803T191331.250,[42.17731, 'N'],[83.78337, 'W'],0,6,[0.21, 0.24171, 0.38892],217.4,234.4,1,1,152096
GPGGA,20210803T191331.750,[42.17731, 'N'],[83.78337, 'W'],0,6,[0.21, 0.24171, 0.38892],217.4,234.4,1,1,152469
GPRMC,20210803T191331.750,[42.17731, 'N'],[83.78337, 'W'],0,6,[0.27, 0.31077, 0.50004],200.46,234.4,1,1,152593
GPGGA,20210803T191332.250,[42.17731, 'N'],[83.78337, 'W'],0,6,[0.27, 0.31077, 0.50004],200.46,234.4,1,1,152973
GPRMC,20210803T191332.250,[42.17731, 'N'],[83.78337, 'W'],0,6,[0.26, 0.29926, 0.48152],196.25,234.4,1,1,153097
GPGGA,20210803T191332.750,[42.17731, 'N'],[83.78337, 'W'],0,6,[0.26, 0.29926, 0.48152],196.25,234.5,1,1,153472
GPRMC,20210803T191332.750,[42.17731, 'N'],[83.78337, 'W'],0,6,[0.2, 0.2302, 0.3704],209.05,234.5,1,1,153595
GPGGA,20210803T191333.250,[42.17731, 'N'],[83.78337, 'W'],0,6,[0.2, 0.2302, 0.3704],209.05,234.5,1,1,153969
GPRMC,20210803T191333.250,[42.17731, 'N'],[83.78337, 'W'],0,6,[0.18, 0.20718, 0.33336],216.29,234.5,1,1,154093
GPGGA,20210803T191333.750,[42.17731, 'N'],[83.78337, 'W'],0,6,[0.18, 0.20718, 0.33336],216.29,234.5,1,1,154472
GPRMC,20210803T191333.750,[42.17731, 'N'],[83.78337, 'W'],0,6,[0.22, 0.25322, 0.40744],215.54,234.5,1,1,154597
GPGGA,20210803T191334.250,[42.17731, 'N'],[83.78337, 'W'],0,6,[0.22, 0.25322, 0.40744],215.54,234.5,1,1,154971
GPRMC,20210803T191334.250,[42.17731, 'N'],[83.78337, 'W'],0,6,[0.18, 0.20718, 0.33336],225.48,234.5,1,1,155597
GPGGA,20210803T191335.250,[42.17731, 'N'],[83.78337, 'W'],0,6,[0.18, 0.20718, 0.33336],225.48,234.5,1,1,155971
GPRMC,20210803T191335.250,[42.17731, 'N'],[83.78337, 'W'],0,6,[0.17, 0.19567, 0.31484],208.1,234.5,1,1,156596
GPGGA,20210803T191336.250,[42.17731, 'N'],[83.78337, 'W'],0,6,[0.17, 0.19567, 0.31484],208.1,234.5,1,1,156971
GPRMC,20210803T191336.250,[42.17731, 'N'],[83.78337, 'W'],0,6,[0.26, 0.29926, 0.48152],207.6,234.5,1,1,157596
GPGGA,20210803T191337.750,[42.17731, 'N'],[83.78338, 'W'],0,6,[0.26, 0.29926, 0.48152],207.6,234.5,1,1,158470
GPRMC,20210803T191337.750,[42.17731, 'N'],[83.78338, 'W'],0,6,[0.27, 0.31077, 0.50004],196.4,234.5,1,1,158594
GPGGA,20210803T191338.750,[42.17731, 'N'],[83.78338, 'W'],0,6,[0.27, 0.31077, 0.50004],196.4,234.5,1,1,159469
GPRMC,20210803T191338.750,[42.17731, 'N'],[83.78338, 'W'],0,6,[0.15, 0.17265, 0.2778],216.08,234.5,1,1,159593
GPGGA,20210803T191339.750,[42.17731, 'N'],[83.78338, 'W'],0,6,[0.15, 0.17265, 0.2778],216.08,234.5,1,1,160471
GPRMC,20210803T191339.750,[42.17731, 'N'],[83.78338, 'W'],0,6,[0.09, 0.10359, 0.16668],204.62,234.5,1,1,160594
GPGGA,20210803T191340.750,[42.17731, 'N'],[83.78338, 'W'],0,6,[0.09, 0.10359, 0.16668],204.62,234.5,1,1,161470
GPRMC,20210803T191340.750,[42.17731, 'N'],[83.78338, 'W'],0,6,[0.08, 0.09208, 0.14816],200.93,234.5,1,1,162094
GPGGA,20210803T191341.750,[42.17731, 'N'],[83.78338, 'W'],0,6,[0.08, 0.09208, 0.14816],200.93,234.5,1,1,162472
GPRMC,20210803T191341.750,[42.17731, 'N'],[83.78338, 'W'],0,6,[0.1, 0.1151, 0.1852],254.77,234.5,1,1,163097
GPGGA,20210803T191342.750,[42.17731, 'N'],[83.78338, 'W'],0,6,[0.1, 0.1151, 0.1852],254.77,234.5,1,1,163471
GPRMC,20210803T191342.750,[42.17731, 'N'],[83.78338, 'W'],0,6,[0.18, 0.20718, 0.33336],241.53,234.5,1,1,164095
GPGGA,20210803T191343.750,[42.17731, 'N'],[83.78338, 'W'],0,6,[0.18, 0.20718, 0.33336],241.53,234.5,1,1,164472
GPRMC,20210803T191343.750,[42.17731, 'N'],[83.78338, 'W'],0,6,[0.23, 0.26473, 0.42596],269.17,234.5,1,1,165097
